brand,processor_brand,processor_name,processor_gnrtn,ram_gb,ram_type,ssd,hdd,os,os_bit,graphic_card_gb,weight,warranty,Touchscreen,msoffice,Price,rating,Number of Ratings,Number of Reviews
ASUS,1,1,10,4,1,0,1024,1,64,0,0,0,0,0,34649,2,3,0
Lenovo,1,1,10,4,1,0,1024,1,64,0,0,0,0,0,38999,3,65,5
Lenovo,1,1,10,4,1,0,1024,1,64,0,0,0,0,0,39999,3,8,1
ASUS,1,2,10,8,1,512,0,1,32,2,0,0,0,0,69990,3,0,0
ASUS,1,3,0,4,1,0,512,1,64,0,0,0,0,0,26990,3,0,0
ASUS,1,3,0,4,1,0,512,1,64,0,0,0,0,0,22990,3,0,0
ASUS,1,3,0,4,1,0,512,1,32,0,0,0,0,0,21990,3,31,3
ASUS,1,2,10,8,1,0,1024,1,32,2,0,0,0,0,58799,3,0,0
Lenovo,1,2,10,4,1,0,1024,1,32,0,0,0,0,0,49999,3,0,0
acer,2,4,10,4,1,0,512,1,32,4,0,0,0,0,59990,4,1946,240
acer,2,4,10,4,1,0,512,1,32,6,0,0,0,0,93700,4,259,47
acer,2,4,10,4,1,0,512,1,32,4,0,0,0,0,72990,4,425,67
Avita,1,3,0,4,1,0,512,1,64,0,0,0,0,0,17490,3,1120,196
ASUS,1,1,11,4,1,256,0,1,64,0,0,0,0,0,35990,3,0,0
HP,1,1,11,8,1,256,0,1,64,0,0,1,1,0,56490,3,0,0
HP,1,2,11,8,1,256,0,1,64,0,0,1,0,0,65390,3,0,0
Lenovo,1,3,0,4,1,256,0,1,64,0,1,0,0,0,31999,4,286,19
HP,1,3,0,8,1,256,0,1,64,0,1,0,0,0,32490,4,58,6
Lenovo,1,3,0,4,1,256,0,1,64,0,1,0,0,0,31799,3,0,0
ASUS,1,3,0,4,1,256,0,1,64,0,0,0,0,0,29890,4,7,0
ASUS,1,3,0,4,1,0,1024,1,64,0,0,1,0,0,23990,3,15279,1947
HP,1,1,7,4,1,0,1024,1,64,0,0,0,0,0,32955,4,311,27
HP,1,2,7,4,1,0,1024,1,32,2,0,0,0,0,46200,4,47,7
ASUS,1,1,11,4,1,256,0,1,64,0,1,0,0,0,34429,4,37,6
Lenovo,1,1,10,8,1,256,0,1,32,0,1,2,0,1,37990,4,2080,235
ASUS,1,1,11,4,1,256,0,1,32,0,0,1,0,1,35990,4,1479,181
ASUS,1,1,10,8,1,256,0,1,64,0,1,0,0,0,33980,4,67,3
HP,1,1,11,8,1,256,0,1,64,0,1,1,0,1,39990,4,273,30
DELL,1,1,10,8,1,256,0,1,64,0,1,1,0,1,39490,4,1267,171
HP,1,1,11,8,1,256,0,1,64,0,0,1,1,1,53990,4,14,0
acer,1,1,11,8,1,256,0,1,64,0,1,1,0,0,38990,3,0,0
ASUS,1,1,11,8,1,256,0,1,64,0,1,1,0,0,37990,4,284,39
ASUS,1,1,11,8,1,256,0,1,64,0,0,1,0,1,37890,4,44,5
Lenovo,1,1,11,8,1,256,0,1,64,0,1,1,0,0,38990,4,33,4
Lenovo,1,1,10,8,1,256,0,1,64,0,1,0,0,0,37990,4,286,36
DELL,1,1,11,8,1,256,0,1,64,0,1,1,0,1,41990,3,10,5
ASUS,1,1,11,8,1,256,0,1,64,0,0,1,0,0,45990,4,816,147
Lenovo,1,1,11,8,1,256,0,1,64,0,1,1,0,0,39990,4,543,65
DELL,1,1,11,8,1,256,0,1,64,0,1,0,0,0,42490,4,9,1
DELL,1,1,10,4,1,256,0,1,64,0,1,1,0,1,36990,4,1178,137
Lenovo,1,1,11,8,1,256,0,1,64,0,0,1,1,1,53990,4,299,41
ASUS,1,1,11,8,1,256,0,1,64,0,1,0,0,0,36990,4,20,1
Lenovo,1,1,10,4,1,256,0,1,64,0,0,2,0,0,38940,4,758,64
DELL,1,1,10,4,1,256,0,1,64,0,0,1,0,1,39490,4,634,64
Lenovo,1,1,10,8,1,256,0,1,64,0,0,2,0,1,39999,5,4,0
DELL,1,1,11,8,1,256,0,1,64,0,1,1,0,0,42990,4,17,2
DELL,1,1,11,8,1,256,0,1,64,0,0,1,1,0,49990,4,24,5
DELL,1,1,11,8,1,256,0,1,64,0,1,1,0,1,41490,4,1753,165
DELL,1,1,11,8,1,256,0,1,64,0,1,0,0,0,41990,4,216,21
Lenovo,1,1,11,8,1,256,0,1,64,0,1,1,0,1,41990,4,1084,160
ASUS,1,1,11,8,1,256,0,1,64,0,0,1,0,0,38490,3,19,3
Lenovo,1,1,11,4,1,256,0,1,64,0,1,1,0,1,38990,4,106,13
Lenovo,1,1,11,4,1,256,0,1,64,0,0,1,0,1,44990,4,42,4
Lenovo,1,1,10,4,1,256,0,1,64,0,1,0,0,0,36490,3,0,0
Lenovo,1,1,10,8,1,256,0,1,32,0,0,0,0,0,38970,3,0,0
HP,1,1,11,4,1,256,0,1,64,0,1,1,0,1,44900,4,1029,107
MSI,1,1,10,4,1,256,0,1,64,0,1,0,0,0,38990,4,53,11
DELL,1,1,11,4,1,256,0,1,64,0,1,0,0,0,44427,3,0,0
ASUS,1,1,10,4,1,256,0,1,64,0,0,1,0,0,35990,3,0,0
Lenovo,1,1,10,4,1,256,0,1,64,0,0,1,0,1,40200,3,48,1
Lenovo,1,1,10,4,1,256,0,1,32,0,0,0,0,0,40990,3,3,0
DELL,1,1,10,4,1,256,0,1,64,0,1,1,0,0,42490,3,0,0
acer,1,3,0,4,1,0,512,1,32,0,0,0,0,0,23990,3,61,4
DELL,1,1,11,4,1,256,0,1,64,0,0,0,1,0,71999,4,97,13
ASUS,1,1,11,4,1,256,0,1,64,0,0,1,0,0,39990,4,181,19
Lenovo,1,1,10,4,1,256,0,1,64,0,0,1,0,1,41998,4,529,39
ASUS,1,1,11,4,1,256,0,1,32,0,0,0,0,0,41990,3,0,0
Lenovo,1,1,10,4,1,256,0,1,64,0,0,2,0,1,39999,3,0,0
ASUS,1,1,10,4,1,256,0,1,32,0,0,0,0,0,39990,3,0,0
Lenovo,1,1,11,4,1,256,0,1,64,0,0,0,0,0,39998,4,10,1
HP,1,1,11,4,1,256,0,1,64,0,1,1,0,1,42490,4,5205,561
Lenovo,1,1,10,4,1,256,0,1,32,0,0,0,0,0,41990,3,3,0
ASUS,1,1,11,4,1,256,0,1,32,0,0,0,0,0,48490,3,0,0
HP,1,1,11,4,1,256,0,1,64,0,1,1,0,1,44376,4,1090,96
DELL,1,1,11,4,1,256,0,1,32,0,0,0,0,0,43900,3,0,0
DELL,1,1,11,4,1,256,0,1,64,0,0,1,0,0,46690,3,0,0
Lenovo,1,1,10,4,1,256,0,1,32,0,0,0,0,0,40990,5,1,1
DELL,1,1,10,4,1,256,0,1,64,0,1,1,0,0,39990,4,44,2
Lenovo,1,1,11,4,1,256,0,1,64,0,1,0,0,0,43990,3,0,0
ASUS,1,1,11,4,1,256,0,1,64,0,1,1,0,0,36990,4,70,9
DELL,1,1,11,8,1,256,0,1,64,0,0,1,0,0,48500,3,0,0
ASUS,1,1,11,8,1,256,0,1,64,0,0,0,0,0,48990,3,0,0
ASUS,1,3,0,4,2,0,512,1,32,0,0,0,0,0,23490,4,632,92
HP,1,1,8,4,1,256,0,1,64,0,0,1,1,1,54238,4,71,8
ASUS,1,1,10,8,1,512,0,1,64,0,0,1,0,0,37990,4,990,108
HP,1,1,11,8,1,512,0,1,64,0,1,1,0,1,42990,4,158,18
HP,1,1,11,8,1,512,0,1,64,0,1,1,0,1,42990,4,681,59
ASUS,1,1,10,4,1,512,0,1,64,0,0,1,0,0,35990,4,130,12
ASUS,1,1,11,8,1,512,0,1,64,0,0,1,0,0,42990,4,30,4
ASUS,1,1,11,8,3,512,0,1,32,0,0,1,1,1,51990,4,6,2
ASUS,1,1,11,8,1,512,0,1,64,0,0,1,0,0,48990,4,174,30
ASUS,1,1,11,8,1,512,0,1,64,0,0,1,0,0,42990,4,40,7
Lenovo,1,1,10,8,1,512,0,1,64,0,1,1,0,0,38990,3,13,1
DELL,1,1,11,8,1,512,0,1,64,0,1,0,0,0,45990,4,184,29
HP,1,1,10,8,1,512,0,1,64,0,1,1,0,1,42490,4,1296,126
HP,1,1,11,8,1,512,0,1,64,0,1,1,0,1,43970,4,571,56
ASUS,1,1,10,4,1,512,0,1,64,0,1,1,0,1,39990,4,2551,297
MSI,1,1,11,8,1,512,0,1,64,0,1,0,0,0,48990,4,17,3
HP,1,1,11,8,1,512,0,1,64,0,0,1,0,1,54990,4,35,3
MSI,1,1,10,8,1,512,0,1,64,0,1,0,0,0,40990,4,118,17
ASUS,1,1,11,8,1,512,0,1,64,0,1,1,0,1,41990,3,0,0
Lenovo,1,1,11,8,1,512,0,1,64,0,1,1,1,0,54990,4,245,34
ASUS,1,1,11,8,1,512,0,1,64,0,0,1,0,1,44990,4,2058,305
HP,1,1,11,8,1,512,0,1,64,0,0,1,0,0,41250,4,117,11
HP,1,1,11,8,1,512,0,1,64,0,1,0,0,0,44990,3,0,0
ASUS,1,1,11,8,1,512,0,1,64,0,0,1,0,0,42990,4,74,11
DELL,1,1,11,8,1,512,0,1,64,0,0,1,1,0,60790,4,10,1
HP,1,1,11,8,1,512,0,1,64,0,0,0,0,0,45650,4,39,4
DELL,1,1,10,8,1,512,0,1,64,0,1,1,0,1,41990,3,29,7
DELL,1,1,10,8,1,512,0,1,64,0,1,1,0,0,45490,4,43,4
ASUS,1,1,11,8,1,512,0,1,64,0,1,1,0,1,44990,3,0,0
Lenovo,1,1,11,8,1,512,0,1,64,0,1,2,0,1,42990,4,984,99
HP,1,1,11,4,1,512,0,1,64,0,1,1,0,1,45490,4,523,66
HP,1,1,10,4,1,512,0,1,32,0,0,0,0,0,38799,4,30,1
HP,1,1,11,4,1,512,0,1,64,0,0,1,1,1,69267,3,0,0
ASUS,1,1,11,4,1,512,0,1,64,0,0,1,0,1,51649,3,0,0
HP,1,1,11,4,1,512,0,1,64,0,1,1,0,1,47990,4,1605,215
ASUS,1,1,10,4,1,512,0,1,64,0,0,1,0,0,40990,4,4008,519
ASUS,1,1,10,4,1,512,0,1,64,0,1,1,0,1,42990,4,1869,234
ASUS,1,1,11,4,1,512,0,1,64,0,0,1,0,0,44890,3,7,0
ASUS,1,1,10,4,1,512,0,1,64,0,0,1,0,0,41490,4,4008,519
HP,1,1,11,4,1,512,0,1,32,0,1,1,0,0,50990,3,0,0
HP,1,1,11,4,1,512,0,1,64,0,1,1,0,1,48900,4,1278,135
DELL,1,1,10,4,1,512,0,1,64,0,0,0,0,0,41790,3,0,0
Lenovo,1,1,11,4,1,512,0,1,64,0,0,1,1,1,57999,3,10,2
DELL,1,1,11,8,1,512,0,1,64,0,1,0,0,0,45930,3,0,0
HP,1,1,11,8,1,512,0,1,64,0,0,1,1,1,55490,4,143,15
ASUS,1,1,10,8,1,0,1024,1,64,0,0,1,0,0,32890,3,28,4
Lenovo,1,1,10,8,1,0,1024,1,64,0,1,1,0,1,35990,4,2124,233
DELL,1,1,11,8,1,0,1024,1,64,0,1,0,0,0,42490,4,276,40
DELL,1,1,11,8,1,0,1024,1,64,0,1,0,0,0,42190,3,250,21
DELL,1,1,10,8,1,0,1024,1,64,0,1,1,0,1,39490,4,1917,189
HP,1,1,11,8,1,0,1024,1,64,0,1,1,0,1,43690,4,4999,490
ASUS,1,1,10,4,1,0,1024,1,64,0,0,1,0,0,35990,3,17,0
DELL,1,1,11,8,1,0,1024,1,32,0,0,0,0,0,43800,4,17,0
Lenovo,1,1,10,8,1,0,1024,1,32,0,0,0,0,0,38990,3,0,0
ASUS,1,1,10,4,1,0,1024,1,64,0,1,1,0,0,34990,3,4203,490
ASUS,1,1,11,8,1,0,1024,1,64,0,0,1,0,0,38900,3,13,0
DELL,1,1,10,4,1,0,1024,1,64,0,1,1,0,0,39990,3,15,1
DELL,1,1,10,4,1,0,1024,1,32,0,0,0,0,0,40890,4,527,46
Lenovo,1,1,10,4,1,0,1024,1,64,0,1,1,0,0,36990,3,103,10
HP,1,1,11,4,1,0,1024,1,64,0,1,1,0,1,39990,3,324,45
HP,1,1,11,4,1,0,1024,1,64,0,1,1,0,1,41990,4,69,5
DELL,1,1,11,4,1,0,1024,1,32,0,0,0,0,0,43970,3,16,0
HP,1,1,11,4,1,0,1024,1,64,0,1,1,0,0,39790,3,40,3
ASUS,1,1,10,4,1,0,1024,1,32,0,1,0,0,0,35590,3,12,1
HP,1,1,10,4,1,0,1024,1,64,0,1,1,0,1,36490,3,1146,175
ASUS,1,1,10,4,1,0,1024,1,64,0,1,1,0,1,38990,4,1850,216
ASUS,1,1,10,4,1,0,1024,1,32,0,1,0,0,0,33990,3,43,7
DELL,1,1,10,4,1,0,1024,1,64,0,0,1,0,1,43400,4,231,26
ASUS,1,3,0,4,2,0,512,1,32,0,0,0,0,0,24990,4,502,93
HP,1,1,10,4,1,0,1024,1,64,0,1,1,0,1,40750,4,1096,116
DELL,1,1,10,4,1,0,1024,1,64,0,1,1,0,1,43000,4,313,35
ASUS,1,1,10,4,1,0,1024,1,64,0,0,0,0,0,38000,4,7,0
DELL,1,1,11,8,1,0,1024,1,64,0,1,1,0,1,37990,3,265,46
HP,1,1,7,8,1,0,1024,1,64,2,0,0,0,0,49279,4,38,3
Lenovo,1,1,10,8,1,0,1024,1,32,0,0,0,0,0,38999,3,7,2
ASUS,1,1,11,8,1,0,1024,1,32,0,0,0,0,0,41500,3,4,0
acer,1,1,11,4,1,0,1024,1,32,0,0,0,0,0,36999,3,0,0
DELL,1,1,11,8,1,0,1024,1,32,0,0,0,0,0,42900,3,0,0
ASUS,1,3,0,4,2,0,512,1,32,0,0,0,0,0,21490,3,818,113
DELL,1,1,11,8,1,0,1024,1,32,0,0,0,0,0,41480,3,25,4
ASUS,1,1,10,8,1,0,1024,1,64,0,0,0,0,0,32990,2,12,0
ASUS,1,1,11,8,1,0,1024,1,64,0,0,1,0,0,38680,3,17,1
ASUS,1,3,0,4,2,0,512,1,32,0,0,0,0,0,23990,4,974,170
DELL,1,1,10,8,1,0,1024,1,64,0,1,0,0,0,40390,3,83,15
ASUS,1,1,10,4,1,0,1024,1,64,0,1,0,0,0,33990,3,31,6
ASUS,1,3,0,4,2,0,512,1,32,0,0,0,0,0,20490,3,637,91
DELL,1,1,10,8,1,256,1024,1,64,0,1,1,0,1,41490,5,7,5
DELL,1,1,11,8,1,256,1024,1,64,0,0,0,0,0,45490,4,207,16
DELL,1,1,11,8,1,256,1024,1,64,0,0,0,0,0,44490,4,844,103
ASUS,1,1,11,8,1,256,1024,1,64,0,0,1,0,1,41890,4,53,6
DELL,1,1,11,4,1,256,1024,1,64,0,1,1,0,1,42990,4,62,7
acer,1,1,11,8,1,256,1024,1,64,0,0,0,0,0,40990,4,38,2
DELL,1,1,11,8,1,256,1024,1,64,0,1,1,0,0,48990,4,724,92
DELL,1,1,11,4,1,256,1024,1,64,0,1,1,0,1,43590,3,0,0
DELL,1,1,10,4,1,256,1024,1,64,0,0,1,0,0,44690,4,9,0
ASUS,1,1,10,4,1,256,1024,1,64,0,0,0,0,0,40990,3,0,0
DELL,1,1,11,4,1,256,1024,1,64,0,1,1,0,1,43990,3,0,0
DELL,1,1,10,4,1,256,1024,1,64,0,1,1,0,1,41390,4,56,7
DELL,1,1,10,4,1,256,1024,1,64,0,1,1,0,1,44290,3,0,0
DELL,1,1,11,4,1,256,1024,1,64,0,0,1,0,0,48999,3,0,0
DELL,1,1,11,4,1,256,1024,1,64,0,1,1,0,1,39990,3,170,11
DELL,1,1,10,8,1,256,1024,1,64,0,1,0,0,0,46390,2,95,5
ASUS,1,3,0,4,2,0,512,1,64,0,0,0,0,0,18990,3,197,25
ASUS,1,3,0,4,2,0,512,1,32,0,0,0,0,0,17990,3,1180,148
HP,1,3,0,4,1,0,512,1,64,0,0,0,0,0,26470,3,232,23
HP,1,3,0,4,1,0,512,1,64,0,0,0,0,0,27990,3,596,65
Lenovo,1,3,0,4,1,0,1024,1,32,0,0,0,0,0,29999,3,19,1
Lenovo,1,3,0,4,3,0,512,1,64,0,0,0,0,0,25990,3,84,16
Lenovo,1,3,0,4,2,0,512,1,32,0,0,0,0,0,16990,3,414,54
Lenovo,1,3,0,4,2,0,512,1,32,0,0,0,0,0,24990,2,70,16
acer,1,2,0,8,4,0,512,1,32,4,0,0,0,0,50990,4,10966,1185
acer,1,2,0,8,2,0,512,1,32,0,0,1,0,0,119990,4,1,1
acer,1,2,10,8,2,0,512,2,32,0,0,0,0,0,94190,4,31,6
ASUS,1,2,10,8,2,0,512,2,32,4,0,0,0,0,106167,4,1881,241
DELL,1,2,10,8,2,0,512,2,32,4,0,1,0,0,68090,1,23,4
DELL,1,2,10,8,2,0,512,2,32,0,1,1,0,0,139990,3,0,0
HP,1,2,10,8,2,0,512,2,32,0,1,0,0,0,55990,4,818,109
HP,1,2,10,8,2,0,512,2,32,4,0,0,0,0,102551,3,0,0
Lenovo,1,2,10,8,2,0,512,2,32,2,0,0,0,0,46990,4,4428,569
HP,1,2,8,8,1,128,0,1,64,0,1,1,0,0,76012,4,129,16
Lenovo,1,2,11,8,1,256,0,1,64,0,0,2,0,1,49490,4,365,35
acer,1,2,7,8,5,256,0,1,64,0,1,1,0,1,86867,4,39,3
ASUS,1,2,11,8,1,256,0,1,64,0,1,1,0,0,48990,3,0,0
DELL,1,2,11,8,1,256,0,1,64,0,1,0,0,0,55990,3,3,0
acer,1,2,8,8,5,256,0,1,64,0,1,1,1,1,81998,4,14,3
HP,1,2,8,8,1,256,0,1,64,0,0,1,1,1,136590,3,0,0
acer,1,2,8,8,1,256,0,1,64,0,1,1,0,0,59490,3,33,7
ASUS,1,2,11,8,1,256,0,1,64,0,1,1,0,0,49800,3,0,0
Lenovo,1,2,11,8,1,256,0,1,64,0,0,1,0,1,61999,2,4,0
HP,1,2,11,8,1,512,0,1,64,0,1,0,0,0,54990,4,116,15
HP,1,2,11,8,1,512,0,1,64,0,1,1,0,0,53990,4,206,17
Lenovo,1,2,11,8,1,512,0,1,64,0,0,2,0,1,52990,4,300,24
HP,1,2,11,16,1,512,0,1,64,0,1,1,0,1,67990,4,108,6
ASUS,1,2,10,8,1,512,0,1,64,4,2,1,0,0,57990,4,3712,412
Lenovo,1,2,11,16,1,512,0,1,64,0,1,1,0,1,62300,4,825,95
Lenovo,1,2,11,8,1,512,0,1,64,0,1,1,0,0,52990,3,0,0
Lenovo,1,2,11,8,1,512,0,1,64,0,1,2,0,1,51990,4,85,4
Lenovo,1,2,11,16,1,512,0,1,64,0,1,0,0,0,61990,4,56,7
ASUS,1,2,11,8,3,512,0,1,32,0,0,1,1,1,63990,4,10,1
Lenovo,1,2,11,8,1,512,0,1,64,0,0,1,0,1,65990,4,17,4
acer,1,2,11,8,1,512,0,1,64,0,1,1,0,0,52990,4,155,20
Lenovo,1,2,10,8,1,512,0,1,64,0,1,1,0,0,49990,3,0,0
ASUS,1,2,11,8,1,512,0,1,64,4,2,0,0,0,71990,4,91,17
ASUS,1,2,10,8,1,512,0,1,64,0,0,1,0,0,47990,4,35,2
Lenovo,1,2,10,8,1,512,0,1,32,0,1,2,0,1,48490,4,126,13
ASUS,1,2,11,8,1,512,0,1,64,4,2,0,0,0,72990,4,74,10
MSI,1,2,11,16,1,512,0,1,64,4,0,2,0,0,76990,4,75,17
ASUS,1,2,11,16,1,512,0,1,64,6,2,1,0,1,89990,4,124,17
MSI,1,2,10,8,1,512,0,1,64,4,0,2,0,0,59990,4,1597,228
ASUS,1,2,10,8,1,512,0,1,64,4,2,1,0,1,65990,4,3850,378
DELL,1,2,11,8,1,512,0,1,64,0,0,0,1,0,71990,4,7,1
DELL,1,2,11,8,1,512,0,1,64,0,0,0,1,0,71890,4,3,0
Lenovo,1,2,11,16,1,512,0,1,64,0,1,0,0,0,64990,3,0,0
ASUS,1,2,11,16,1,512,0,1,64,0,0,1,0,0,65990,3,0,0
HP,1,2,11,8,1,512,0,1,64,0,1,0,0,0,55999,4,5,1
ASUS,1,2,11,16,1,512,0,1,64,4,0,1,0,0,73490,4,213,45
HP,1,2,11,16,1,512,0,1,64,0,1,1,0,1,74490,4,10,0
HP,1,2,11,8,1,512,0,1,64,0,1,1,0,1,58340,4,69,6
acer,1,2,11,8,1,512,0,1,64,0,1,1,0,0,55999,4,6,0
DELL,1,2,11,16,1,512,0,1,64,0,1,0,0,0,67990,4,93,9
ASUS,1,2,11,16,1,512,0,1,64,0,0,1,0,0,59990,4,11,2
ASUS,1,2,11,16,1,512,0,1,64,6,0,1,0,1,82990,4,262,31
DELL,1,2,11,8,1,512,0,1,64,2,0,1,0,1,64190,3,0,0
DELL,1,2,11,16,1,512,0,1,64,0,1,0,0,0,70090,4,5,1
ASUS,1,2,10,8,1,512,0,1,64,2,1,1,0,0,49990,4,45,3
MSI,1,2,11,8,1,512,0,1,64,0,1,0,0,0,55490,3,8,1
HP,1,2,11,8,3,512,0,1,64,0,0,0,1,0,97990,5,3,1
ASUS,1,2,9,8,1,512,0,1,64,4,2,1,0,1,54990,4,1681,227
Lenovo,1,2,11,8,1,512,0,1,64,0,1,1,0,1,59990,4,37,2
Lenovo,1,2,11,8,1,512,0,1,64,0,1,1,0,1,53990,4,61,2
HP,1,2,11,16,1,512,0,1,64,0,1,1,0,1,66999,4,17,1
acer,1,2,11,8,3,512,0,1,64,0,1,1,0,1,60990,4,17,1
ASUS,1,2,10,8,1,512,0,1,64,0,1,1,0,1,47990,4,1625,152
HP,1,2,11,8,1,512,0,1,32,0,1,1,0,1,59999,4,4,1
DELL,1,2,10,16,1,512,0,1,64,4,0,1,0,0,79990,3,0,0
ASUS,1,2,10,8,1,512,0,1,64,4,2,1,0,0,63990,3,0,0
HP,1,2,11,8,1,512,0,1,64,0,1,1,0,1,63990,4,17,1
ASUS,1,2,11,16,1,512,0,1,64,0,0,1,0,0,59990,3,0,0
Lenovo,1,2,11,8,1,512,0,1,64,0,1,1,0,0,55990,3,0,0
HP,1,2,11,8,1,512,0,1,64,0,1,1,0,1,63990,4,3,0
DELL,1,2,11,16,1,512,0,1,64,2,0,1,0,1,69490,3,0,0
DELL,1,2,11,16,1,512,0,1,64,0,0,1,1,1,89390,3,0,0
ASUS,1,2,11,8,3,512,0,1,64,0,1,0,0,0,74990,3,0,0
Lenovo,1,2,11,8,1,512,0,1,64,0,0,3,1,1,64990,4,48,12
Lenovo,1,2,10,8,1,512,0,1,64,4,0,1,0,1,66490,4,282,36
DELL,1,2,11,16,1,512,0,1,64,2,0,1,0,1,89702,3,0,0
Lenovo,1,2,11,16,1,512,0,1,64,2,0,1,0,1,70990,4,67,4
ASUS,1,2,11,16,1,512,0,1,64,0,0,1,1,1,58990,3,0,0
Lenovo,1,2,10,8,1,512,0,1,64,2,0,1,0,1,57500,3,0,0
DELL,1,2,11,8,1,512,0,1,64,2,0,1,1,1,79990,4,23,2
MSI,1,2,10,8,1,512,0,1,64,0,0,0,0,0,56541,4,677,87
ASUS,1,2,11,16,1,512,0,1,64,0,1,0,0,0,59990,3,3,0
Lenovo,1,2,11,16,1,512,0,1,64,0,0,1,0,1,64990,4,46,4
DELL,1,2,11,8,1,512,0,1,64,0,1,1,0,0,61290,3,4,1
Lenovo,1,2,11,8,1,512,0,1,64,0,1,1,0,1,54990,4,9,1
Lenovo,1,2,11,8,1,512,0,1,64,0,0,1,0,1,59990,4,26,4
ASUS,1,2,11,8,1,512,0,1,32,6,0,1,0,0,84990,5,5,0
HP,1,2,11,8,1,512,0,1,64,0,1,1,0,1,72500,4,40,3
Lenovo,1,2,11,8,1,512,0,1,64,4,2,0,0,0,59990,3,44,6
Lenovo,1,2,11,8,1,512,0,1,64,0,0,1,1,1,87990,4,28,6
HP,1,2,11,8,1,512,0,1,64,0,1,0,0,0,57990,4,1541,123
DELL,1,2,11,8,1,512,0,1,64,0,1,1,0,1,69490,4,72,7
Lenovo,1,2,11,8,1,512,0,1,64,0,0,3,1,1,68990,4,44,8
Lenovo,1,2,11,8,1,512,0,1,32,0,0,1,0,1,77990,4,17,2
ASUS,1,2,11,8,3,512,0,1,64,0,0,1,1,0,105990,4,59,11
MSI,1,2,11,8,3,512,0,1,64,0,0,1,0,0,79990,3,0,0
DELL,1,2,11,8,1,512,0,1,64,0,1,1,0,1,55490,4,337,27
Lenovo,1,2,11,8,1,512,0,1,64,0,1,1,0,1,69990,4,10,2
ASUS,1,2,11,8,1,512,0,1,64,0,0,1,1,1,84990,4,10,2
DELL,1,2,11,8,1,512,0,1,64,0,1,0,0,0,59990,3,31,7
DELL,1,2,10,8,3,512,0,1,64,0,1,1,0,1,111890,3,0,0
DELL,1,2,11,8,1,512,0,1,64,2,0,1,0,0,65990,4,10,0
ASUS,1,2,11,8,3,512,0,1,32,0,0,1,0,1,72990,4,76,14
DELL,1,2,11,8,1,512,0,1,64,0,1,1,0,1,71090,4,44,6
MSI,1,2,11,8,1,512,0,1,64,4,0,2,0,0,74990,3,0,0
ASUS,1,2,10,8,6,512,0,1,64,0,0,1,0,1,79990,4,11,3
MSI,1,2,11,8,1,512,0,1,64,0,0,1,0,0,55490,4,138,16
DELL,1,2,11,8,1,512,0,1,64,2,1,1,0,1,66490,4,199,17
ASUS,1,2,11,8,1,512,0,1,64,0,0,1,0,1,53400,4,46,6
DELL,1,2,11,8,1,512,0,1,64,0,0,1,1,1,74500,4,45,5
DELL,1,2,11,8,3,512,0,1,64,0,1,1,0,1,114990,3,0,0
DELL,1,2,11,8,1,512,0,1,64,2,1,0,0,0,61990,4,35,4
APPLE,1,2,10,8,3,512,0,3,64,0,0,1,0,0,159990,4,32,5
APPLE,1,2,8,8,5,512,0,3,64,0,0,1,0,0,172090,4,108,13
MSI,1,2,11,8,1,512,0,1,64,4,0,0,0,0,74990,3,0,0
MSI,1,2,10,8,1,512,0,1,64,0,0,1,0,0,56490,4,814,112
Lenovo,1,2,10,8,1,512,0,1,64,0,1,3,0,0,147000,3,0,0
Lenovo,1,2,11,8,1,512,0,1,64,0,1,1,0,1,55990,4,75,9
HP,1,2,11,8,1,512,0,1,64,4,2,1,0,1,77990,3,0,0
HP,1,2,10,8,1,512,0,1,64,4,0,1,0,1,106490,4,3,0
Lenovo,1,2,11,8,1,512,0,1,32,2,0,1,0,1,70990,4,11,3
Lenovo,1,2,11,8,1,512,0,1,64,0,0,1,0,1,64990,4,125,11
acer,1,2,11,8,1,512,0,1,64,0,0,1,0,0,57990,3,0,0
ASUS,1,2,10,8,1,512,0,1,64,4,2,1,0,0,64990,4,4,0
MSI,1,2,10,8,1,512,0,1,64,0,0,1,0,0,54990,4,714,147
HP,1,2,11,8,3,512,0,1,64,0,0,0,1,0,111999,3,0,0
Lenovo,1,2,10,8,3,512,0,1,64,2,0,1,0,1,70798,4,21,3
Lenovo,1,2,9,8,1,512,0,1,64,4,0,0,0,0,59990,3,9,1
acer,1,2,8,8,1,512,0,1,64,4,0,1,0,0,99500,3,0,0
HP,1,2,10,8,1,512,0,1,64,0,1,1,0,1,55990,4,30,4
ASUS,1,2,8,8,6,512,0,1,64,0,1,1,0,0,72990,4,44,4
acer,1,2,8,8,5,512,0,1,64,0,1,1,0,0,64990,3,4,1
ASUS,1,2,11,8,1,512,0,1,64,0,1,0,0,0,57990,3,0,0
HP,1,2,11,8,1,512,0,1,64,2,0,1,1,1,76990,4,14,2
Lenovo,1,2,11,8,1,512,0,1,64,0,0,2,0,1,62998,4,739,71
DELL,1,2,11,8,1,512,0,1,64,0,0,1,1,1,77990,4,31,5
HP,1,2,10,8,1,512,0,1,64,0,0,1,1,1,114990,4,145,19
DELL,1,2,10,8,1,512,0,1,64,2,0,1,0,1,65990,3,0,0
DELL,1,2,11,8,1,512,0,1,64,2,0,1,0,1,88990,3,19,2
Lenovo,1,2,10,8,1,512,0,1,64,0,0,0,0,0,113590,3,0,0
ASUS,1,2,11,8,3,512,0,1,64,0,0,1,1,1,73990,4,32,6
HP,1,2,11,8,1,512,0,1,64,0,1,1,0,1,61000,4,1124,100
ASUS,1,2,11,8,3,512,0,1,64,0,0,1,1,0,99990,4,35,6
Lenovo,1,2,11,8,1,512,0,1,64,0,1,1,0,1,67990,4,9,0
DELL,1,2,11,8,1,512,0,1,64,0,0,1,1,1,70799,4,98,6
Lenovo,1,2,11,8,1,512,0,1,64,0,1,1,0,1,65990,4,31,2
ASUS,1,2,8,8,1,512,0,1,64,0,1,1,0,0,53690,4,19,3
MSI,1,2,11,8,1,512,0,1,64,0,1,1,0,0,55990,3,0,0
ASUS,1,2,11,8,1,512,0,1,64,0,0,1,0,1,53190,4,11,0
Lenovo,1,2,10,8,1,512,0,1,32,2,0,2,0,1,58999,4,45,3
DELL,1,2,11,8,1,512,0,1,64,2,1,3,0,0,71990,3,0,0
HP,1,2,11,8,1,512,0,1,32,4,0,0,0,0,82000,3,0,0
ASUS,1,2,11,8,3,512,0,1,64,0,1,0,0,0,84990,3,0,0
Lenovo,1,2,11,8,1,512,0,1,64,2,0,0,0,0,89998,3,0,0
ASUS,1,2,11,8,3,512,0,1,64,0,0,1,1,0,99990,3,0,0
Lenovo,1,2,10,8,1,512,0,1,64,4,2,0,0,0,69899,4,474,37
DELL,1,2,10,8,1,512,0,1,64,4,0,1,0,0,79990,3,0,0
DELL,1,2,10,8,1,512,0,1,64,4,0,1,0,0,76300,4,6,0
Lenovo,1,2,10,8,1,512,0,1,64,0,0,1,0,1,55999,3,0,0
DELL,1,2,11,8,1,512,0,1,64,0,1,0,0,0,72900,3,24,4
DELL,1,2,11,8,1,512,0,1,64,0,0,1,1,1,73990,4,195,17
ASUS,1,2,11,8,2,512,0,1,64,0,1,0,0,0,84990,3,0,0
DELL,1,2,11,8,1,512,0,1,32,2,0,0,0,0,73519,3,0,0
HP,1,2,10,8,1,512,0,1,64,0,0,1,1,0,126000,5,2,1
ASUS,1,2,11,8,1,512,0,1,64,6,0,1,0,0,88990,3,0,0
HP,1,2,11,8,1,512,0,1,64,0,1,1,1,1,114999,3,0,0
DELL,1,2,11,8,1,512,0,1,64,2,0,1,1,1,82990,4,21,2
acer,1,2,11,8,1,512,0,1,64,0,1,0,1,0,109999,3,0,0
Lenovo,1,2,11,8,1,512,0,1,64,0,1,1,1,1,82990,3,0,0
DELL,1,2,11,8,1,512,0,1,64,2,0,1,1,1,79990,4,5,0
ASUS,1,2,11,8,3,512,0,1,64,0,0,1,1,0,114990,3,0,0
HP,1,2,11,8,3,512,0,1,64,0,0,1,1,0,129999,3,0,0
MSI,1,2,8,8,4,512,0,1,32,6,0,0,0,0,149990,4,10,3
DELL,1,2,11,8,1,512,0,1,64,2,0,0,0,0,71290,3,0,0
DELL,1,2,10,8,1,512,0,1,64,0,1,1,0,1,79500,4,10,1
DELL,1,2,10,8,1,512,0,1,64,2,0,1,0,1,82990,3,15,3
DELL,1,2,11,8,1,512,0,1,64,2,0,1,0,1,70980,4,138,23
HP,1,2,11,8,1,512,0,1,32,0,0,0,0,0,94000,3,0,0
DELL,1,2,11,8,1,512,0,1,64,2,0,0,1,0,82990,4,16,3
MSI,1,2,11,8,3,512,0,1,64,0,0,1,0,0,79990,4,11,4
ASUS,1,2,8,8,1,512,0,1,64,0,1,0,0,0,85990,3,0,0
ASUS,1,2,10,8,1,512,0,1,64,2,0,0,0,0,86990,3,0,0
ASUS,1,2,10,8,6,512,0,1,64,2,0,1,0,1,105990,5,4,0
ASUS,1,2,10,8,6,512,0,1,64,0,0,0,0,0,84990,3,0,0
Lenovo,1,2,8,8,1,512,0,1,64,2,0,1,0,1,59999,4,22,3
Lenovo,1,2,11,8,1,512,0,1,64,0,0,1,0,1,91999,4,16,2
DELL,1,2,11,8,1,512,0,1,64,0,0,1,1,1,78900,3,16,1
ASUS,1,2,10,8,6,512,0,1,64,0,0,0,0,0,132790,3,0,0
Lenovo,1,2,11,8,1,512,0,1,64,4,2,0,0,0,60990,3,14,6
Avita,1,2,7,8,1,512,0,1,64,0,1,0,0,0,65556,3,0,0
DELL,1,2,11,16,1,512,0,1,64,0,1,0,0,0,70190,3,6,3
DELL,1,2,11,8,1,512,0,1,64,2,0,1,1,0,79590,3,0,0
ASUS,1,2,11,8,1,512,0,1,64,4,0,1,0,0,76990,3,0,0
Avita,1,2,8,8,1,512,0,1,64,0,1,0,0,0,44990,3,17,3
ASUS,1,2,11,8,1,512,0,1,64,0,0,1,1,1,84990,3,17,2
Lenovo,1,2,10,8,1,512,0,1,64,2,0,1,1,1,86999,4,3,0
HP,1,2,11,16,1,512,0,1,64,2,0,1,0,0,78000,4,512,85
Avita,1,2,8,8,1,512,0,1,64,0,1,0,0,0,73063,3,17,3
HP,1,2,11,16,1,512,0,1,64,4,0,1,0,1,100990,3,0,0
Lenovo,1,2,8,8,1,512,0,1,64,0,1,1,0,1,74990,3,3,1
ASUS,1,2,10,8,1,512,0,1,64,4,0,0,0,0,75990,4,1365,137
Lenovo,1,2,11,8,1,512,0,1,32,2,0,1,0,1,84086,3,8,3
ASUS,1,2,11,8,1,1024,0,1,64,4,2,0,0,0,75990,4,368,48
ASUS,1,2,11,8,1,1024,0,1,64,4,2,1,0,1,77990,4,202,26
ASUS,1,2,10,8,1,1024,0,1,64,4,0,1,0,0,77990,4,187,26
APPLE,1,2,10,16,3,1024,0,3,64,0,0,1,0,0,179990,4,31,3
APPLE,1,2,10,16,3,1024,0,3,64,0,0,1,0,0,179990,4,91,5
ASUS,1,2,10,8,1,1024,0,1,64,4,0,0,0,0,82990,4,844,118
ASUS,1,2,11,8,1,1024,0,1,64,4,0,1,0,0,87990,3,0,0
ASUS,1,2,11,8,1,1024,0,1,64,4,0,0,0,0,84500,4,3,0
DELL,1,2,11,8,3,1024,0,1,64,0,1,0,0,0,74190,4,21,3
Lenovo,1,2,11,8,1,1024,0,1,64,0,1,1,0,1,64990,3,4,0
Lenovo,1,2,10,8,1,512,512,1,64,0,1,3,1,0,155411,3,0,0
Lenovo,1,2,10,8,1,512,512,1,64,0,1,3,1,0,125394,3,0,0
acer,1,2,11,8,1,0,1024,1,64,0,0,0,0,0,49990,3,0,0
acer,1,2,11,8,1,0,1024,1,64,0,1,1,0,0,46990,3,253,28
DELL,1,2,11,8,1,0,1024,1,64,0,1,1,0,1,48990,3,470,46
acer,1,2,8,8,1,0,1024,1,64,2,0,1,0,1,59999,4,118,28
ASUS,1,2,10,8,1,0,1024,1,64,0,1,1,0,0,46990,4,1444,179
MSI,1,2,10,8,1,0,1024,1,64,4,0,2,0,0,52990,4,1114,137
Lenovo,1,2,7,8,1,0,1024,1,32,2,0,0,0,0,57999,3,0,0
Lenovo,1,2,4,8,5,0,1024,1,64,0,0,0,0,0,52490,3,78,17
Lenovo,1,2,8,8,1,0,1024,1,64,4,0,1,0,0,56990,4,21,5
acer,1,2,8,8,1,0,1024,1,64,2,1,1,0,0,61990,4,73,21
DELL,1,2,11,8,1,0,1024,1,32,0,0,0,0,0,58090,3,0,0
ASUS,1,2,10,8,1,0,1024,1,64,0,0,0,0,0,56990,3,0,0
acer,1,2,8,8,1,0,1024,1,64,0,1,1,0,0,61597,3,0,0
ASUS,1,2,8,8,1,0,1024,1,64,0,1,0,0,0,81990,3,0,0
ASUS,1,2,10,8,1,0,1024,1,64,0,0,0,0,0,61249,3,0,0
DELL,1,2,11,8,1,0,1024,1,32,0,0,0,0,0,58990,3,0,0
ASUS,1,2,10,8,1,0,1024,1,64,2,0,0,0,0,83990,3,0,0
MSI,1,2,10,8,2,0,512,2,32,6,0,0,0,0,291190,4,7,3
MSI,1,2,10,8,2,0,512,2,32,6,0,0,0,0,145990,4,715,106
MSI,1,2,10,8,2,0,512,2,32,8,0,0,0,0,179990,4,24,5
HP,1,2,8,8,1,0,1024,1,64,2,0,1,0,1,64990,4,23,4
HP,1,2,8,8,1,0,1024,1,64,0,0,1,0,0,46790,4,3062,325
HP,1,2,7,4,1,0,1024,1,64,0,0,1,0,0,44599,4,122,12
acer,1,2,8,8,1,0,1024,1,64,2,0,1,0,0,72964,4,18,6
HP,1,2,10,8,1,0,1024,1,32,0,0,1,0,1,48790,3,11,1
acer,1,2,10,8,1,0,1024,1,64,2,0,1,0,0,56491,3,30,6
ASUS,1,2,11,8,1,256,1024,1,32,0,0,1,0,1,50990,4,1188,127
ASUS,1,2,10,8,1,256,1024,1,64,4,2,0,0,0,55990,4,23,0
acer,1,2,11,8,1,256,1024,1,64,0,0,1,0,0,57990,4,32,1
ASUS,1,2,11,8,1,256,1024,1,64,0,0,1,0,0,52990,3,0,0
DELL,1,2,11,8,1,256,1024,1,64,0,0,1,0,0,57990,4,47,0
acer,1,2,11,8,1,256,1024,1,64,0,1,1,0,0,56990,4,27,2
acer,1,2,11,8,1,256,1024,1,64,0,0,0,0,0,55490,3,8,3
DELL,1,2,11,8,1,256,1024,1,64,2,0,1,0,0,62490,3,157,20
ASUS,1,2,11,16,1,256,1024,1,64,0,0,1,0,0,64990,4,10,1
Lenovo,1,2,11,8,1,256,1024,1,64,2,0,1,0,1,59990,4,52,4
ASUS,1,2,11,8,1,256,1024,1,64,2,0,1,0,1,60190,4,33,4
ASUS,1,2,9,8,1,256,1024,1,64,4,2,0,0,0,54490,4,343,47
Lenovo,1,2,9,8,1,256,1024,1,64,4,0,1,0,1,60990,4,131,17
DELL,1,2,11,4,1,256,1024,1,64,0,1,1,0,1,55790,4,41,4
ASUS,1,2,11,16,1,256,1024,1,64,0,0,1,0,1,64990,4,328,51
ASUS,1,2,11,16,1,256,1024,1,64,0,1,0,0,0,58990,4,6,1
DELL,1,2,11,8,1,256,1024,1,64,0,1,1,0,1,54990,3,353,28
HP,1,2,11,8,1,256,1024,1,64,4,2,1,0,1,71990,4,127,20
DELL,1,2,11,8,1,256,1024,1,64,2,0,1,0,0,69900,3,0,0
Lenovo,1,2,11,8,1,256,1024,1,64,2,0,1,0,1,65990,4,241,19
ASUS,1,2,11,8,1,256,1024,1,64,0,0,1,0,0,49990,3,22,2
DELL,1,2,11,8,1,256,1024,1,64,0,1,1,0,1,58990,4,8,1
Lenovo,1,2,10,8,1,256,1024,1,64,4,2,0,0,0,74590,4,898,128
ASUS,1,2,10,8,1,256,1024,1,32,2,0,0,0,0,58990,5,1,1
ASUS,1,2,11,8,1,256,1024,1,64,0,0,1,0,0,64990,3,0,0
DELL,1,2,11,8,1,256,1024,1,64,2,0,0,0,0,66490,3,6,1
DELL,1,2,10,8,1,256,1024,1,64,4,0,0,0,0,77900,4,179,34
DELL,1,2,11,8,1,256,1024,1,64,2,0,0,0,0,67490,3,41,5
DELL,1,2,11,8,1,256,1024,1,64,0,1,1,0,1,61990,3,0,0
DELL,1,2,11,8,1,256,1024,1,64,0,0,1,0,1,58990,4,114,9
Lenovo,1,2,10,8,1,256,1024,1,64,4,2,0,0,0,74999,4,268,25
ASUS,1,2,11,8,1,256,1024,1,64,0,0,1,0,1,68900,5,6,1
DELL,1,2,11,8,1,256,1024,1,64,2,0,0,0,0,71695,4,153,16
acer,1,2,11,16,1,256,1024,1,64,0,0,0,0,0,62490,3,8,0
DELL,1,2,8,8,1,0,2048,1,64,2,0,1,0,1,62317,4,377,53
MSI,1,2,10,8,2,0,512,2,32,8,0,0,0,0,207290,3,0,0
DELL,1,5,8,16,1,256,0,1,64,4,0,1,0,1,87990,4,120,21
Avita,1,5,8,8,1,256,0,1,64,0,1,0,0,0,73990,3,0,0
ASUS,1,5,10,16,1,512,0,1,64,0,0,1,0,0,57990,4,76,9
ASUS,1,5,10,8,1,512,0,1,64,4,2,0,0,0,61990,4,11,2
MSI,1,5,10,16,1,512,0,1,64,4,0,2,0,0,79990,4,484,56
Lenovo,1,5,10,8,1,512,0,1,64,4,2,1,0,1,68990,4,44,2
Lenovo,1,5,11,16,1,512,0,1,64,0,0,1,1,1,85990,4,77,10
Lenovo,1,5,11,16,1,512,0,1,64,4,0,1,0,1,99990,4,11,3
ASUS,1,5,11,8,1,512,0,1,64,0,0,1,0,1,77990,4,21,5
Lenovo,1,5,11,8,1,512,0,1,64,4,2,0,0,0,79990,4,5,2
HP,1,5,11,16,1,512,0,1,64,4,0,1,0,1,93190,5,4,0
ASUS,1,5,11,16,3,512,0,1,64,0,0,1,0,1,94990,3,0,0
Lenovo,1,5,11,16,1,512,0,1,64,0,0,3,1,1,84990,4,13,2
MSI,1,5,10,8,1,512,0,1,64,0,1,0,0,0,57990,4,15,0
HP,1,5,11,16,1,512,0,1,64,0,0,1,1,1,102990,4,11,2
DELL,1,5,11,16,1,512,0,1,64,4,0,1,0,0,99990,3,0,0
ASUS,1,5,11,16,1,512,0,1,64,4,2,0,0,0,94990,4,118,15
HP,1,5,11,16,1,512,0,1,64,0,0,1,1,1,104000,3,0,0
MSI,1,5,11,16,1,512,0,1,64,2,0,0,0,0,76990,3,0,0
HP,1,5,11,16,1,512,0,1,64,4,2,1,0,1,90190,4,6,1
Lenovo,1,5,11,16,1,512,0,1,32,0,0,0,1,0,88488,3,0,0
MSI,1,5,10,16,1,512,0,1,64,4,0,1,0,0,109990,4,138,30
MSI,1,5,11,16,1,512,0,1,64,4,0,0,0,0,86990,3,0,0
MSI,1,5,11,16,3,512,0,1,64,0,0,1,0,0,89990,3,0,0
HP,1,5,10,16,6,512,0,1,64,0,0,1,1,1,239759,3,0,0
ASUS,1,5,11,16,1,512,0,1,64,2,0,1,0,1,78990,4,35,4
DELL,1,5,8,16,5,512,0,1,64,0,1,1,0,1,121890,1,3,0
ASUS,1,5,8,16,6,512,0,1,64,0,1,1,0,0,85990,4,18,0
MSI,1,5,11,16,1,512,0,1,64,4,0,2,0,0,94990,3,0,0
HP,1,5,11,16,1,512,0,1,64,4,2,1,0,1,92000,4,8,1
HP,1,5,10,16,1,512,0,1,64,0,0,1,1,0,162990,3,3,1
DELL,1,5,11,16,3,512,0,1,64,0,1,1,0,1,135300,5,5,2
MSI,1,5,11,16,1,512,0,1,64,0,0,0,0,0,64990,4,33,5
Lenovo,1,5,10,16,1,512,0,1,64,0,1,3,0,0,174527,3,0,0
Lenovo,1,5,10,16,1,512,0,1,64,0,1,0,0,0,162299,3,0,0
DELL,1,5,10,16,1,512,0,1,64,0,0,1,1,1,109190,3,0,0
HP,1,5,11,16,1,512,0,1,64,0,0,1,1,1,99999,3,0,0
MSI,1,5,10,16,1,512,0,1,64,2,0,1,0,0,104990,4,85,9
ASUS,1,5,11,16,3,512,0,1,64,0,1,0,1,0,109990,3,0,0
ASUS,1,5,8,16,5,512,0,1,64,0,1,1,0,0,99990,4,30,7
Lenovo,1,5,8,16,1,512,0,1,64,2,1,0,0,0,244801,3,0,0
ASUS,1,5,11,16,3,512,0,1,64,0,1,0,0,0,94990,3,0,0
Lenovo,1,5,8,16,1,512,0,1,64,0,1,1,0,1,86000,3,0,0
Lenovo,1,5,10,16,1,512,0,1,32,2,0,0,0,0,162399,3,0,0
HP,1,5,11,16,1,512,0,1,32,0,0,0,0,0,119599,3,0,0
Lenovo,1,5,10,16,6,512,0,1,64,0,1,0,0,0,211753,3,0,0
Lenovo,1,5,11,16,1,512,0,1,32,0,0,0,0,0,110999,3,0,0
ASUS,1,5,8,8,6,512,0,1,64,0,1,1,0,0,81990,4,40,4
MSI,1,5,9,8,1,512,0,1,64,4,0,2,0,0,66990,4,1639,230
MSI,1,5,10,16,1,1024,0,1,64,6,0,2,0,0,84990,4,498,64
ASUS,1,5,11,16,3,1024,0,1,64,2,0,1,1,1,104990,3,0,0
ASUS,1,5,11,16,3,1024,0,1,64,0,0,1,1,0,134990,3,0,0
ASUS,1,5,11,16,1,1024,0,1,64,4,2,0,0,0,98990,4,445,56
HP,1,5,10,16,1,1024,0,1,64,6,0,1,0,1,144690,4,17,4
ASUS,1,5,11,16,3,1024,0,1,64,0,1,0,0,0,99990,3,0,0
MSI,1,5,11,16,1,1024,0,1,64,6,0,2,0,0,119990,4,20,3
ASUS,1,5,11,16,1,1024,0,1,32,4,0,1,0,0,194990,3,0,0
ASUS,1,5,10,16,6,1024,0,1,64,2,0,1,0,1,124990,4,17,1
DELL,1,5,11,16,1,1024,0,1,64,2,0,0,0,0,122410,3,0,0
HP,1,5,10,16,1,1024,0,1,64,0,0,1,1,0,179990,4,13,5
MSI,1,5,11,16,1,1024,0,1,64,4,0,2,1,0,154990,4,3,2
Lenovo,1,5,11,16,3,1024,0,1,64,0,0,1,0,1,122990,3,4,2
ASUS,1,5,10,16,1,1024,0,1,64,6,0,1,1,0,224990,4,9,0
MSI,1,5,12,16,4,1024,0,1,64,8,0,0,0,0,279990,3,0,0
HP,1,5,11,16,1,1024,0,1,64,4,0,0,0,0,121990,3,0,0
HP,1,5,11,16,1,1024,0,1,64,4,0,0,0,0,116990,3,0,0
Lenovo,1,5,11,16,1,1024,0,1,64,6,0,0,0,0,151098,4,7,0
MSI,1,5,11,16,1,1024,0,1,64,8,0,2,0,0,129990,4,14,3
HP,1,5,11,16,3,1024,0,1,64,0,0,1,1,0,149999,3,0,0
MSI,1,5,12,16,1,1024,0,1,64,6,0,0,0,0,139990,4,4,2
acer,1,5,11,16,1,1024,0,1,64,6,0,1,0,0,129990,4,54,7
HP,1,5,11,16,1,1024,0,1,64,8,0,1,0,1,171990,3,0,0
DELL,1,5,11,16,1,1024,0,1,64,2,0,1,0,1,93955,4,4,0
ASUS,1,5,10,16,1,1024,0,1,64,8,0,0,0,0,234990,3,0,0
HP,1,5,11,16,3,1024,0,1,64,0,0,1,1,1,128500,3,3,1
Lenovo,1,5,11,16,1,1024,0,1,64,0,0,1,1,1,102990,4,16,2
ASUS,1,5,11,16,3,1024,0,1,64,0,0,1,1,0,119990,4,8,1
ASUS,1,5,11,16,1,1024,0,1,32,6,0,0,0,0,120980,3,0,0
ASUS,1,5,11,16,1,1024,0,1,32,6,0,1,0,0,157249,4,7,0
Lenovo,1,5,9,16,1,1024,0,1,64,4,1,0,0,0,229900,3,0,0
ASUS,1,5,11,16,1,1024,0,1,64,6,0,1,0,0,131500,3,0,0
ASUS,1,5,10,16,6,1024,0,1,64,0,0,0,0,0,154990,5,3,0
ASUS,1,5,10,16,6,1024,0,1,64,0,0,0,0,0,165990,3,0,0
Lenovo,1,5,10,16,3,1024,0,1,64,0,1,0,0,0,119990,2,2,1
ASUS,1,5,10,16,6,1024,0,1,64,0,0,0,0,0,167990,3,0,0
HP,1,5,11,16,3,1024,0,1,64,0,0,1,1,0,165000,3,0,0
Avita,1,5,10,16,1,1024,0,1,64,0,1,0,0,0,62990,3,207,49
Lenovo,1,5,11,16,2,1024,0,1,64,0,0,1,0,1,85990,3,7,2
HP,1,5,11,16,1,1024,0,1,64,2,0,1,0,1,94990,3,0,0
HP,1,5,11,16,1,1024,0,1,64,6,0,1,0,1,136990,3,0,0
Lenovo,1,5,10,16,1,1024,0,1,64,8,0,1,0,1,234990,3,0,0
acer,1,5,10,16,1,2048,0,1,64,8,0,1,0,0,159990,3,4,0
ASUS,1,5,10,16,6,2048,0,1,64,0,0,0,0,0,233990,3,0,0
ASUS,1,5,10,16,1,0,1024,1,64,2,0,0,0,0,93990,3,0,0
HP,1,5,8,16,1,128,1024,1,64,4,0,1,0,0,116941,3,0,0
MSI,1,5,10,8,1,256,1024,1,64,4,0,2,0,0,63990,4,794,83
ASUS,1,5,10,16,1,256,1024,1,64,4,2,0,0,0,66990,4,25,4
ASUS,1,5,11,16,1,256,1024,1,32,0,1,0,0,0,82500,3,0,0
acer,1,5,10,16,1,256,1024,1,64,6,0,1,0,0,119990,4,2038,313
MSI,1,5,10,16,1,256,1024,1,64,4,0,3,0,0,159990,3,0,0
ASUS,1,5,8,16,1,256,1024,1,64,0,1,0,0,0,98912,3,0,0
acer,1,5,11,16,1,512,1024,1,64,4,0,1,0,0,92990,4,214,37
acer,1,5,11,16,1,512,1024,1,32,6,0,1,0,0,119990,4,342,54
acer,1,6,11,32,1,1024,0,1,64,8,0,1,0,0,169990,3,0,0
acer,1,6,11,16,1,1024,0,1,64,6,0,1,0,0,139990,3,0,0
MSI,1,6,11,16,1,1024,0,1,64,6,0,0,0,0,192990,3,0,0
ASUS,1,6,12,16,4,1024,0,1,64,6,0,0,0,0,299990,3,0,0
ASUS,1,6,10,16,1,1024,0,1,64,6,0,1,1,0,269990,4,8,1
ASUS,1,6,11,16,1,1024,0,1,64,6,2,1,0,0,139990,3,0,0
Lenovo,1,6,10,16,1,1024,0,1,32,8,0,0,0,0,265998,3,0,0
ASUS,1,6,11,16,1,3072,0,1,32,6,0,1,0,0,441990,5,1,1
MSI,1,2,10,8,2,0,512,2,32,4,0,0,0,0,86990,4,218,27
MSI,1,2,10,8,2,0,512,2,32,6,0,0,0,0,109990,4,78,16
MSI,1,2,10,8,2,0,512,2,32,4,0,0,0,0,109590,4,5,2
ASUS,1,5,10,16,3,0,512,2,32,6,0,0,0,0,146490,3,2,1
APPLE,3,7,10,8,1,256,0,3,64,0,0,1,0,0,85990,4,6725,629
APPLE,3,7,10,8,1,256,0,3,64,0,0,1,0,0,112990,4,640,70
APPLE,3,7,10,16,1,256,0,3,64,0,0,1,0,0,104990,4,45,4
APPLE,3,7,10,16,1,256,0,3,64,0,0,1,0,0,132990,4,640,70
APPLE,3,7,10,16,1,512,0,3,64,0,0,1,0,0,149990,4,640,70
APPLE,3,7,10,8,1,512,0,3,64,0,0,1,0,0,125990,4,399,45
APPLE,3,7,10,8,1,512,0,3,64,0,0,1,0,0,103990,4,809,91
APPLE,3,7,10,8,1,512,0,3,64,0,0,1,0,0,101990,4,809,91
APPLE,3,7,10,8,1,512,0,3,64,0,0,1,0,0,104990,4,6725,629
APPLE,3,7,10,8,1,512,0,3,64,0,0,1,0,0,131990,4,399,45
APPLE,3,7,10,16,1,512,0,3,64,0,0,1,0,0,128990,4,45,4
APPLE,3,7,10,16,1,512,0,3,64,0,0,1,0,0,184990,4,42,8
APPLE,3,7,10,16,1,512,0,3,64,0,0,1,0,0,225990,4,42,8
APPLE,3,7,10,4,1,512,0,3,64,0,0,1,0,0,124990,4,45,4
APPLE,3,7,10,8,1,1024,0,3,64,0,0,1,0,0,149990,4,640,70
APPLE,3,7,10,16,1,1024,0,3,64,0,0,1,0,0,169990,4,640,70
APPLE,3,7,10,16,1,1024,0,3,64,0,0,1,0,0,225990,4,42,8
APPLE,3,7,10,16,1,1024,0,3,64,0,0,1,0,0,243990,4,42,8
APPLE,3,7,10,32,1,1024,0,3,64,0,0,1,0,0,309990,5,3,1
ASUS,1,8,0,4,3,0,512,1,64,0,0,0,0,0,45990,3,0,0
ASUS,1,8,0,4,1,128,0,1,32,0,0,0,1,0,58100,3,0,0
ASUS,1,8,0,8,3,256,0,1,64,0,0,1,1,0,62990,3,0,0
HP,1,8,0,8,1,256,0,1,64,0,1,1,0,1,32990,4,77,9
ASUS,1,8,0,4,1,256,0,1,64,0,1,1,0,1,33990,4,6,0
acer,1,8,0,4,1,256,0,1,64,0,0,1,0,0,30990,4,465,89
DELL,1,8,0,4,1,256,0,1,64,0,1,1,0,0,36000,4,102,16
ASUS,1,8,0,4,1,256,0,1,64,0,1,1,0,1,32990,4,7,1
DELL,1,8,0,4,1,256,0,1,64,0,0,1,0,0,35990,3,0,0
ASUS,1,8,0,4,2,0,1024,1,64,0,0,0,0,0,27990,3,0,0
ASUS,1,8,0,4,1,0,1024,1,64,0,0,1,0,0,25990,3,4741,658
ASUS,1,8,0,4,1,0,1024,1,64,0,0,1,0,0,25990,3,2736,350
ASUS,1,8,0,4,1,0,1024,1,64,0,0,0,0,0,30780,3,0,0
HP,2,9,0,8,1,256,0,1,64,0,1,1,0,0,37990,4,2214,241
ASUS,2,9,0,8,1,256,0,1,64,0,1,1,0,0,35990,4,2886,375
DELL,2,9,0,8,1,256,0,1,64,0,1,0,0,0,39490,4,34,4
DELL,2,9,0,8,1,256,0,1,64,0,1,0,0,0,36990,4,137,15
DELL,2,9,0,8,1,256,0,1,64,0,1,1,0,0,39990,4,7,0
ASUS,2,9,0,4,1,256,0,1,64,0,1,1,0,0,33690,4,170,26
DELL,2,9,0,8,1,256,0,1,64,0,1,0,0,0,40590,3,0,0
ASUS,2,9,0,4,1,256,0,1,64,0,0,1,0,0,37990,4,39,3
ASUS,2,9,0,4,1,256,0,1,64,0,1,1,0,1,34500,4,2886,375
acer,2,9,0,8,1,512,0,1,64,0,0,1,0,0,36990,4,11,2
HP,2,9,0,8,1,512,0,1,64,0,1,0,0,0,43490,4,163,33
HP,2,9,0,8,1,512,0,1,64,0,1,1,0,1,41490,4,153,21
acer,2,9,0,4,1,512,0,1,64,0,0,0,0,0,34990,3,0,0
HP,2,9,0,4,1,512,0,1,64,0,1,1,0,1,44490,4,267,42
DELL,2,9,0,4,1,512,0,1,64,0,1,0,0,0,40590,3,0,0
DELL,2,9,0,8,1,512,0,1,64,0,1,0,0,0,42090,3,3,0
DELL,2,9,0,8,1,0,1024,1,64,0,1,1,0,1,35990,4,59,12
HP,2,9,0,8,1,0,1024,1,64,0,1,1,0,1,39490,4,7291,895
DELL,2,9,0,8,1,0,1024,1,64,0,1,0,0,0,37390,4,38,5
DELL,2,9,0,4,1,0,1024,1,64,0,1,1,0,1,52632,3,0,0
DELL,2,9,0,4,1,0,1024,1,64,0,0,1,0,1,39990,4,409,39
DELL,2,9,0,4,1,0,1024,1,64,0,0,1,0,0,43990,3,0,0
HP,2,9,0,4,1,0,1024,1,64,0,0,1,0,0,32917,4,353,58
Lenovo,2,9,0,4,1,0,1024,1,64,0,0,0,0,0,34990,3,38,6
DELL,2,9,0,8,1,0,1024,1,64,0,1,0,0,0,39990,3,18,4
HP,2,9,0,8,1,256,1024,1,64,0,0,1,0,1,41999,4,3524,432
DELL,2,4,0,8,1,256,0,1,64,0,0,1,0,1,41990,4,939,107
DELL,2,4,0,8,1,256,0,1,64,0,1,1,0,0,44490,4,14,1
DELL,2,4,0,8,1,256,0,1,64,0,0,1,0,1,41990,4,649,84
DELL,2,4,0,8,1,256,0,1,64,0,1,1,0,1,44490,4,8,2
MSI,2,4,0,4,1,256,0,1,64,0,0,1,0,0,49990,3,0,0
DELL,2,4,0,4,1,256,0,1,64,0,1,1,0,0,44390,4,276,24
HP,2,4,0,8,1,512,0,1,64,4,0,1,0,0,57990,4,4740,532
Lenovo,2,4,0,8,1,512,0,1,64,4,2,1,0,1,56990,4,162,15
Lenovo,2,4,0,8,1,512,0,1,64,0,1,1,0,0,48990,4,219,27
HP,2,4,0,8,1,512,0,1,64,0,1,1,0,1,49970,4,193,28
MSI,2,4,0,8,1,512,0,1,64,0,0,0,0,0,47990,4,562,89
HP,2,4,0,8,1,512,0,1,64,0,1,1,0,1,48990,4,45,5
acer,2,4,0,8,3,512,0,1,64,0,1,1,0,0,53990,4,7,0
Lenovo,2,4,0,8,1,512,0,1,64,0,0,1,0,1,52990,4,39,5
acer,2,4,0,8,1,512,0,1,64,0,0,1,0,0,43990,3,0,0
Lenovo,2,4,0,8,1,512,0,1,64,4,2,0,0,0,59490,4,92,10
MSI,2,4,0,8,1,512,0,1,64,4,0,0,0,0,64990,4,469,80
DELL,2,4,0,8,1,512,0,1,64,0,1,0,0,0,47490,2,2,1
HP,2,4,0,8,1,512,0,1,64,4,0,1,0,0,59990,4,1978,188
Lenovo,2,4,0,8,1,512,0,1,64,4,0,0,0,0,69990,4,9,0
HP,2,4,0,8,1,512,0,1,64,4,0,1,0,0,58990,4,1049,134
DELL,2,4,0,8,1,512,0,1,64,0,1,1,0,0,59490,4,74,18
HP,2,4,0,16,1,512,0,1,64,0,1,1,0,1,67500,4,196,19
HP,2,4,0,8,1,512,0,1,32,0,0,0,0,0,48990,4,17,1
ASUS,2,4,0,8,1,512,0,1,64,0,0,1,1,1,62450,4,172,36
ASUS,2,4,0,8,1,512,0,1,64,0,0,1,0,0,58990,4,324,34
HP,2,4,0,8,1,512,0,1,64,0,1,1,0,1,57999,4,86,15
ASUS,2,4,0,16,1,512,0,1,64,0,0,0,0,0,56990,4,4,1
HP,2,4,0,8,1,512,0,1,64,4,0,1,0,1,72990,4,16,4
HP,2,4,0,16,1,512,0,1,64,0,0,1,0,1,65990,4,104,18
HP,2,4,0,16,1,512,0,1,64,0,0,1,1,1,98020,3,0,0
HP,2,4,0,16,1,512,0,1,64,2,0,1,0,1,63990,4,90,13
ASUS,2,4,0,8,1,512,0,1,32,0,1,1,0,1,49890,4,6,1
DELL,2,4,0,8,1,512,0,1,64,0,1,1,0,1,49990,4,47,7
DELL,2,4,0,8,1,512,0,1,64,0,1,1,0,1,59490,3,0,0
HP,2,4,0,8,1,512,0,1,64,0,0,1,1,1,73999,4,206,27
DELL,2,4,0,4,1,512,0,1,64,0,1,1,0,1,60990,4,183,42
DELL,2,4,0,4,1,512,0,1,64,6,0,0,0,0,76190,4,358,64
Lenovo,2,4,0,4,3,512,0,1,64,0,1,3,1,1,74798,3,0,0
ASUS,2,4,0,4,1,512,0,1,64,0,0,1,0,0,58990,4,88,13
HP,2,4,0,4,1,512,0,1,32,4,0,0,0,0,68100,3,0,0
Lenovo,2,4,0,4,1,512,0,1,64,0,1,1,1,1,77990,3,0,0
HP,2,4,0,4,1,512,0,1,64,0,1,1,0,1,55090,4,364,52
ASUS,2,4,0,4,3,512,0,1,64,0,0,0,1,0,91990,3,0,0
HP,2,4,0,4,1,512,0,1,64,0,0,1,0,1,84208,3,0,0
acer,2,4,0,4,1,512,0,1,64,0,0,1,0,0,44990,4,313,39
HP,2,4,0,4,1,512,0,1,64,0,1,1,0,1,53490,4,826,118
Lenovo,2,4,0,4,1,512,0,1,64,4,0,0,0,0,76498,3,0,0
DELL,2,4,0,4,1,512,0,1,64,4,0,1,0,0,98920,3,0,0
MSI,2,4,0,4,1,512,0,1,64,0,0,0,0,0,54990,4,1410,203
acer,2,4,0,4,1,512,0,1,64,0,0,1,0,0,49990,4,47,6
HP,2,4,0,4,1,512,0,1,32,0,0,0,0,0,52380,3,0,0
acer,2,4,0,4,1,512,0,1,64,0,1,1,0,0,49990,4,6,1
HP,2,4,0,4,1,512,0,1,64,0,1,1,0,1,52500,4,741,67
ASUS,2,4,0,4,1,512,0,1,64,0,1,1,0,1,49990,4,14,2
acer,2,4,0,4,1,512,0,1,64,0,1,1,0,0,75999,3,0,0
ASUS,2,4,0,4,1,512,0,1,64,0,0,1,0,0,80990,3,0,0
Lenovo,2,4,0,4,1,512,0,1,32,0,0,1,0,0,59900,3,3,0
HP,2,4,0,4,1,512,0,1,64,0,1,1,0,1,54590,4,349,69
DELL,2,4,0,4,1,512,0,1,64,0,0,1,1,1,75500,3,0,0
HP,2,4,0,8,1,512,0,1,64,0,1,1,0,1,51890,4,519,48
ASUS,2,4,0,16,1,512,0,1,64,0,0,1,0,0,78000,2,3,0
HP,2,4,0,16,1,512,0,1,64,0,1,1,0,1,59999,4,19,1
HP,2,4,0,8,1,512,0,1,64,4,2,1,0,1,64990,3,8,1
DELL,2,4,0,4,1,1024,0,1,32,0,0,0,0,0,57900,4,3,1
Lenovo,2,4,0,4,3,1024,0,1,64,0,1,3,1,1,81978,3,0,0
HP,2,4,0,4,1,0,1024,1,64,4,2,1,0,0,59990,4,1480,151
DELL,2,4,0,8,1,256,1024,1,64,0,0,0,0,0,49490,4,31,3
ASUS,2,4,0,8,1,256,1024,1,64,0,0,1,0,0,54990,4,18,3
Lenovo,2,4,0,8,1,256,1024,1,64,4,0,0,0,0,68500,4,271,24
ASUS,2,4,0,8,1,256,1024,1,64,0,0,1,0,0,54990,4,49,6
ASUS,2,4,0,8,1,256,1024,1,32,0,0,1,0,1,54990,4,474,65
Lenovo,2,4,0,8,1,256,1024,1,64,0,2,1,0,1,63990,4,861,116
HP,2,4,0,4,1,256,1024,1,64,4,2,1,0,0,80000,4,34,6
DELL,2,4,0,4,1,256,1024,1,32,0,0,0,0,0,51990,3,0,0
ASUS,2,4,0,4,1,256,1024,1,64,0,0,1,0,1,62990,4,165,34
HP,2,4,0,4,1,256,1024,1,64,0,1,1,0,0,52990,4,698,74
ASUS,2,4,0,4,1,256,1024,1,64,0,1,1,0,1,75100,3,0,0
ASUS,2,10,0,16,1,512,0,1,32,4,2,0,0,0,76990,4,22,3
ASUS,2,10,0,16,1,512,0,1,64,4,0,1,0,0,79990,3,0,0
ASUS,2,10,0,8,1,512,0,1,64,4,0,0,0,0,71990,4,144,16
ASUS,2,10,0,8,1,512,0,1,64,4,0,0,0,0,71990,4,1810,235
Lenovo,2,10,0,16,1,512,0,1,64,4,0,1,0,1,99990,4,26,1
ASUS,2,10,0,16,1,512,0,1,64,0,0,1,0,0,79990,3,0,0
DELL,2,10,0,16,1,512,0,1,64,4,0,1,0,0,93990,3,0,0
ASUS,2,10,0,16,1,512,0,1,64,4,2,0,0,0,82990,4,1067,145
ASUS,2,10,0,4,4,512,0,1,64,4,0,0,0,0,106990,3,0,0
ASUS,2,10,0,4,1,512,0,1,64,0,0,1,0,0,92990,4,25,4
Lenovo,1,10,0,4,1,512,0,1,32,4,0,3,0,1,81490,3,0,0
ASUS,2,10,0,4,1,512,0,1,64,0,0,1,0,1,56990,3,0,0
MSI,2,10,0,4,1,512,0,1,64,0,0,0,0,0,64990,3,0,0
Lenovo,2,10,0,4,1,512,0,1,64,0,0,1,0,1,60990,4,530,69
Lenovo,2,10,0,4,1,512,0,1,64,4,0,1,0,1,84988,3,0,0
HP,2,10,0,4,1,512,0,1,64,4,0,1,0,0,90990,4,273,40
ASUS,2,10,0,4,1,512,0,1,64,0,0,1,0,0,63990,4,77,7
Lenovo,2,10,0,4,1,512,0,1,64,0,0,1,0,1,63990,4,105,10
HP,2,10,0,4,1,512,0,1,64,0,1,1,0,1,57999,4,44,5
ASUS,2,10,0,4,1,512,0,1,32,4,0,0,0,0,72400,3,0,0
Lenovo,2,10,0,4,1,512,0,1,64,0,0,1,1,0,78990,4,6,0
acer,2,10,0,4,1,512,0,1,64,0,1,1,0,0,59990,3,0,0
ASUS,2,10,0,4,4,512,0,1,32,4,0,1,0,0,111990,3,0,0
HP,2,10,0,4,1,512,0,1,32,0,0,0,1,0,109000,3,0,0
DELL,2,10,0,4,1,512,0,1,64,6,0,0,0,0,89990,4,191,27
Lenovo,2,10,0,4,1,512,0,1,64,0,0,3,1,1,78988,3,0,0
Lenovo,2,10,0,4,1,512,0,1,64,4,0,0,0,0,73138,3,4,1
Lenovo,2,10,0,4,1,512,0,1,64,4,0,1,0,0,106990,3,0,0
ASUS,2,10,0,4,1,512,0,1,32,4,0,0,0,0,79990,3,0,0
DELL,2,10,0,4,1,512,0,1,64,0,0,1,1,1,89570,3,0,0
HP,2,10,0,4,1,512,0,1,64,0,1,1,0,1,68500,4,134,22
Lenovo,2,10,0,16,1,512,0,1,64,0,0,1,0,0,73400,3,0,0
HP,2,10,0,16,1,512,0,1,64,2,0,1,0,1,79990,3,23,6
HP,2,10,0,16,1,512,0,1,64,4,2,1,0,1,84990,2,4,2
MSI,2,10,0,16,1,1024,0,1,64,8,0,1,0,0,99990,4,108,24
ASUS,2,10,0,8,3,1024,0,1,64,4,0,0,0,0,72990,4,198,24
HP,2,10,0,16,1,1024,0,1,64,0,1,1,1,1,92990,3,0,0
HP,2,10,0,16,1,1024,0,1,64,0,1,1,0,1,84190,3,0,0
ASUS,2,10,0,16,3,1024,0,1,64,0,0,0,1,0,112990,3,0,0
ASUS,2,10,0,4,4,1024,0,1,32,4,0,1,0,0,114990,3,0,0
acer,2,10,0,4,1,1024,0,1,64,4,0,1,0,0,99990,3,0,0
ASUS,2,10,0,4,1,1024,0,1,32,4,2,0,0,0,95990,4,57,3
HP,2,10,0,4,1,1024,0,1,64,8,0,1,0,0,159990,4,17,2
ASUS,2,10,0,4,1,1024,0,1,64,0,0,1,0,1,76990,3,0,0
Lenovo,2,10,0,4,1,1024,0,1,64,6,0,1,0,1,130990,3,0,0
ASUS,2,10,0,4,1,1024,0,1,64,0,0,1,0,0,99990,3,0,0
ASUS,2,10,0,4,4,1024,0,1,64,4,0,0,0,0,112990,3,0,0
Lenovo,2,10,0,4,1,1024,0,1,64,0,0,1,0,1,77988,3,0,0
ASUS,2,10,0,4,1,1024,0,1,64,0,0,1,0,1,76000,5,1,1
ASUS,2,10,0,4,3,1024,0,1,64,4,0,1,1,0,99990,4,77,15
ASUS,2,10,0,4,1,1024,0,1,64,0,0,1,0,0,111000,3,0,0
ASUS,2,10,0,16,3,1024,0,1,64,0,1,1,0,1,84970,3,2,1
HP,2,10,0,16,1,256,1024,1,64,4,2,1,0,1,75990,4,1084,123
acer,2,10,0,16,1,256,1024,1,64,6,0,1,0,0,89990,4,272,36
acer,2,10,0,16,1,256,1024,1,64,4,0,0,0,0,81990,4,141,24
Lenovo,2,10,0,4,1,512,1024,1,32,0,0,0,0,0,80490,3,0,0
ASUS,2,11,0,16,1,1024,0,1,64,6,0,1,0,0,135990,3,0,0
ASUS,2,11,0,16,1,1024,0,1,32,0,0,1,0,0,154990,4,194,42
ASUS,2,11,0,16,1,1024,0,1,64,8,0,1,0,1,199990,4,9,2
ASUS,2,11,0,16,1,1024,0,1,64,4,0,0,0,0,114990,4,28,4
ASUS,2,11,0,16,1,1024,0,1,64,6,0,1,0,1,129990,4,204,35
ASUS,2,11,0,16,3,1024,0,1,64,4,0,1,1,1,114990,4,32,6
MSI,2,11,0,4,1,1024,0,1,64,0,0,0,0,0,146990,3,0,0
ASUS,2,11,0,4,1,1024,0,1,64,0,0,1,0,0,104990,4,14,2
ASUS,2,11,0,4,3,1024,0,1,64,4,0,1,1,0,114990,4,14,1
ASUS,2,11,0,4,3,1024,0,1,64,4,0,1,1,1,124990,5,3,0
ASUS,2,11,0,4,3,1024,0,1,64,0,0,0,1,0,134990,3,0,0
HP,2,11,0,4,1,1024,0,1,64,8,0,1,0,1,141990,3,0,0
ASUS,2,11,0,4,1,1024,0,1,64,0,0,1,0,0,129990,3,0,0
ASUS,2,11,0,4,3,1024,0,1,64,4,0,1,1,1,142990,4,4,1
ASUS,2,11,0,4,1,1024,0,1,64,0,0,1,0,0,121990,3,0,0
ASUS,2,11,0,4,3,1024,0,1,64,4,0,1,1,1,124990,4,44,12
ASUS,2,11,0,4,1,1024,0,1,64,6,0,0,0,0,141990,4,61,13
ASUS,2,11,0,4,1,1024,0,1,64,4,0,1,0,0,162990,3,0,0
ASUS,2,11,0,4,1,1024,0,1,64,0,0,1,0,0,130500,3,0,0
ASUS,2,11,0,4,1,1024,0,1,64,4,0,0,0,0,116990,3,0,0
ASUS,2,11,0,4,1,1024,0,1,32,6,0,0,0,0,138990,3,0,0
ASUS,2,11,0,4,3,1024,0,1,64,4,0,1,1,1,234990,3,0,0
ASUS,2,11,0,4,1,1024,0,1,64,0,0,1,0,0,135990,3,0,0
ASUS,2,11,0,4,1,1024,0,1,64,0,0,1,0,0,144990,3,0,0
ASUS,2,11,0,4,1,1024,0,1,64,4,0,1,0,0,149990,3,0,0
ASUS,2,11,0,4,1,1024,0,1,64,4,0,1,0,0,142990,3,0,0
Lenovo,2,4,10,8,1,512,0,2,64,0,1,0,0,0,57490,4,18,4
